timestamp,direction,src_ip,src_port,dst_ip,dst_port,protocol,size_bytes
2026-03-29 20:16:37,OUTGOING,192.168.56.103,53135,192.168.56.1,0,TCP,60
2026-03-29 20:16:37,OUTGOING,192.168.56.103,53136,192.168.56.1,0,TCP,60
2026-03-29 20:16:37,OUTGOING,192.168.56.103,53137,192.168.56.1,0,TCP,60
2026-03-29 20:16:37,OUTGOING,192.168.56.103,53138,192.168.56.1,0,TCP,60
2026-03-29 20:16:37,OUTGOING,192.168.56.103,53139,192.168.56.1,0,TCP,60
2026-03-29 20:16:37,OUTGOING,192.168.56.103,53140,192.168.56.1,0,TCP,60
2026-03-29 20:16:37,OUTGOING,192.168.56.103,53141,192.168.56.1,0,TCP,60
2026-03-29 20:16:37,OUTGOING,192.168.56.103,53142,192.168.56.1,0,TCP,60
2026-03-29 20:16:37,OUTGOING,192.168.56.103,53143,192.168.56.1,0,TCP,60
2026-03-29 20:16:37,OUTGOING,192.168.56.103,53144,192.168.56.1,0,TCP,60
2026-03-29 20:16:37,OUTGOING,192.168.56.103,53145,192.168.56.1,0,TCP,60
2026-03-29 20:16:37,OUTGOING,192.168.56.103,53146,192.168.56.1,0,TCP,60
2026-03-29 20:16:37,OUTGOING,192.168.56.103,53147,192.168.56.1,0,TCP,60
2026-03-29 20:16:37,OUTGOING,192.168.56.103,53148,192.168.56.1,0,TCP,60
2026-03-29 20:16:37,OUTGOING,192.168.56.103,53149,192.168.56.1,0,TCP,60
2026-03-29 20:16:37,OUTGOING,192.168.56.103,53150,192.168.56.1,0,TCP,60
2026-03-29 20:16:37,OUTGOING,192.168.56.103,53151,192.168.56.1,0,TCP,60
2026-03-29 20:16:37,OUTGOING,192.168.56.103,53152,192.168.56.1,0,TCP,60
2026-03-29 20:16:37,OUTGOING,192.168.56.103,53153,192.168.56.1,0,TCP,60
2026-03-29 20:16:37,OUTGOING,192.168.56.103,53154,192.168.56.1,0,TCP,60
2026-03-29 20:16:37,OUTGOING,192.168.56.103,53155,192.168.56.1,0,TCP,60
2026-03-29 20:16:37,OUTGOING,192.168.56.103,53156,192.168.56.1,0,TCP,60
2026-03-29 20:16:37,OUTGOING,192.168.56.103,53157,192.168.56.1,0,TCP,60
2026-03-29 20:16:37,OUTGOING,192.168.56.103,53158,192.168.56.1,0,TCP,60
2026-03-29 20:16:37,OUTGOING,192.168.56.103,53159,192.168.56.1,0,TCP,60
2026-03-29 20:16:37,OUTGOING,192.168.56.103,53160,192.168.56.1,0,TCP,60
2026-03-29 20:16:37,OUTGOING,192.168.56.103,53161,192.168.56.1,0,TCP,60
2026-03-29 20:16:37,OUTGOING,192.168.56.103,53162,192.168.56.1,0,TCP,60
2026-03-29 20:16:37,OUTGOING,192.168.56.103,53163,192.168.56.1,0,TCP,60
2026-03-29 20:16:37,OUTGOING,192.168.56.103,53164,192.168.56.1,0,TCP,60
2026-03-29 20:16:37,OUTGOING,192.168.56.103,53165,192.168.56.1,0,TCP,60
2026-03-29 20:16:37,OUTGOING,192.168.56.103,53166,192.168.56.1,0,TCP,60
2026-03-29 20:16:37,OUTGOING,192.168.56.103,53167,192.168.56.1,0,TCP,60
2026-03-29 20:16:37,OUTGOING,192.168.56.103,53168,192.168.56.1,0,TCP,60
2026-03-29 20:16:37,OUTGOING,192.168.56.103,53169,192.168.56.1,0,TCP,60
2026-03-29 20:16:37,OUTGOING,192.168.56.103,53170,192.168.56.1,0,TCP,60
2026-03-29 20:16:37,OUTGOING,192.168.56.103,53171,192.168.56.1,0,TCP,60
2026-03-29 20:16:37,OUTGOING,192.168.56.103,53172,192.168.56.1,0,TCP,60
2026-03-29 20:16:37,OUTGOING,192.168.56.103,53173,192.168.56.1,0,TCP,60
2026-03-29 20:16:37,OUTGOING,192.168.56.103,53174,192.168.56.1,0,TCP,60
2026-03-29 20:16:37,OUTGOING,192.168.56.103,53175,192.168.56.1,0,TCP,60
2026-03-29 20:16:37,OUTGOING,192.168.56.103,53176,192.168.56.1,0,TCP,60
2026-03-29 20:16:37,OUTGOING,192.168.56.103,53177,192.168.56.1,0,TCP,60
2026-03-29 20:16:37,OUTGOING,192.168.56.103,53178,192.168.56.1,0,TCP,60
2026-03-29 20:16:37,OUTGOING,192.168.56.103,53179,192.168.56.1,0,TCP,60
2026-03-29 20:16:37,OUTGOING,192.168.56.103,53180,192.168.56.1,0,TCP,60
2026-03-29 20:16:37,OUTGOING,192.168.56.103,53181,192.168.56.1,0,TCP,60
2026-03-29 20:16:37,OUTGOING,192.168.56.103,53182,192.168.56.1,0,TCP,60
2026-03-29 20:16:37,OUTGOING,192.168.56.103,53183,192.168.56.1,0,TCP,60
2026-03-29 20:16:37,OUTGOING,192.168.56.103,53184,192.168.56.1,0,TCP,60
2026-03-29 20:16:37,OUTGOING,192.168.56.103,53185,192.168.56.1,0,TCP,60
2026-03-29 20:16:37,OUTGOING,192.168.56.103,53186,192.168.56.1,0,TCP,60
2026-03-29 20:16:37,OUTGOING,192.168.56.103,53187,192.168.56.1,0,TCP,60
2026-03-29 20:16:37,OUTGOING,192.168.56.103,53188,192.168.56.1,0,TCP,60
2026-03-29 20:16:37,OUTGOING,192.168.56.103,53189,192.168.56.1,0,TCP,60
2026-03-29 20:16:37,OUTGOING,192.168.56.103,53190,192.168.56.1,0,TCP,60
2026-03-29 20:16:37,OUTGOING,192.168.56.103,53191,192.168.56.1,0,TCP,60
2026-03-29 20:16:37,OUTGOING,192.168.56.103,53192,192.168.56.1,0,TCP,60
2026-03-29 20:16:37,OUTGOING,192.168.56.103,53193,192.168.56.1,0,TCP,60
2026-03-29 20:16:37,OUTGOING,192.168.56.103,53194,192.168.56.1,0,TCP,60
2026-03-29 20:16:37,OUTGOING,192.168.56.103,53195,192.168.56.1,0,TCP,60
2026-03-29 20:16:37,OUTGOING,192.168.56.103,53196,192.168.56.1,0,TCP,60
2026-03-29 20:16:37,OUTGOING,192.168.56.103,53197,192.168.56.1,0,TCP,60
2026-03-29 20:16:37,OUTGOING,192.168.56.103,53198,192.168.56.1,0,TCP,60
2026-03-29 20:16:37,OUTGOING,192.168.56.103,53199,192.168.56.1,0,TCP,60
2026-03-29 20:16:37,OUTGOING,192.168.56.103,53200,192.168.56.1,0,TCP,60
2026-03-29 20:16:37,OUTGOING,192.168.56.103,53201,192.168.56.1,0,TCP,60
2026-03-29 20:16:37,OUTGOING,192.168.56.103,53202,192.168.56.1,0,TCP,60
2026-03-29 20:16:37,OUTGOING,192.168.56.103,53203,192.168.56.1,0,TCP,60
2026-03-29 20:16:37,OUTGOING,192.168.56.103,53204,192.168.56.1,0,TCP,60
2026-03-29 20:16:37,OUTGOING,192.168.56.103,53205,192.168.56.1,0,TCP,60
2026-03-29 20:16:37,OUTGOING,192.168.56.103,53206,192.168.56.1,0,TCP,60
2026-03-29 20:16:37,OUTGOING,192.168.56.103,53207,192.168.56.1,0,TCP,60
2026-03-29 20:16:37,OUTGOING,192.168.56.103,53208,192.168.56.1,0,TCP,60
2026-03-29 20:16:37,OUTGOING,192.168.56.103,53209,192.168.56.1,0,TCP,60
2026-03-29 20:16:37,OUTGOING,192.168.56.103,53210,192.168.56.1,0,TCP,60
2026-03-29 20:16:37,OUTGOING,192.168.56.103,53211,192.168.56.1,0,TCP,60
2026-03-29 20:16:37,OUTGOING,192.168.56.103,53212,192.168.56.1,0,TCP,60
2026-03-29 20:16:37,OUTGOING,192.168.56.103,53213,192.168.56.1,0,TCP,60
2026-03-29 20:16:37,OUTGOING,192.168.56.103,53214,192.168.56.1,0,TCP,60
2026-03-29 20:16:37,OUTGOING,192.168.56.103,53215,192.168.56.1,0,TCP,60
2026-03-29 20:16:37,OUTGOING,192.168.56.103,53216,192.168.56.1,0,TCP,60
2026-03-29 20:16:37,OUTGOING,192.168.56.103,53217,192.168.56.1,0,TCP,60
2026-03-29 20:16:37,OUTGOING,192.168.56.103,53218,192.168.56.1,0,TCP,60
2026-03-29 20:16:37,OUTGOING,192.168.56.103,53219,192.168.56.1,0,TCP,60
2026-03-29 20:16:37,OUTGOING,192.168.56.103,53220,192.168.56.1,0,TCP,60
2026-03-29 20:16:37,OUTGOING,192.168.56.103,53221,192.168.56.1,0,TCP,60
2026-03-29 20:16:37,OUTGOING,192.168.56.103,53222,192.168.56.1,0,TCP,60
2026-03-29 20:16:37,OUTGOING,192.168.56.103,53223,192.168.56.1,0,TCP,60
2026-03-29 20:16:37,OUTGOING,192.168.56.103,53224,192.168.56.1,0,TCP,60
2026-03-29 20:16:37,OUTGOING,192.168.56.103,53225,192.168.56.1,0,TCP,60
2026-03-29 20:16:37,OUTGOING,192.168.56.103,53226,192.168.56.1,0,TCP,60
2026-03-29 20:16:37,OUTGOING,192.168.56.103,53227,192.168.56.1,0,TCP,60
2026-03-29 20:16:37,OUTGOING,192.168.56.103,53228,192.168.56.1,0,TCP,60
2026-03-29 20:16:37,OUTGOING,192.168.56.103,53229,192.168.56.1,0,TCP,60
2026-03-29 20:16:37,OUTGOING,192.168.56.103,53230,192.168.56.1,0,TCP,60
2026-03-29 20:16:37,OUTGOING,192.168.56.103,53231,192.168.56.1,0,TCP,60
2026-03-29 20:16:37,OUTGOING,192.168.56.103,53232,192.168.56.1,0,TCP,60
2026-03-29 20:16:37,OUTGOING,192.168.56.103,53233,192.168.56.1,0,TCP,60
2026-03-29 20:16:37,OUTGOING,192.168.56.103,53234,192.168.56.1,0,TCP,60
2026-03-29 20:16:37,OUTGOING,192.168.56.103,53235,192.168.56.1,0,TCP,60
2026-03-29 20:16:37,OUTGOING,192.168.56.103,53236,192.168.56.1,0,TCP,60
2026-03-29 20:16:37,OUTGOING,192.168.56.103,53237,192.168.56.1,0,TCP,60
2026-03-29 20:16:37,OUTGOING,192.168.56.103,53238,192.168.56.1,0,TCP,60
2026-03-29 20:16:37,OUTGOING,192.168.56.103,53239,192.168.56.1,0,TCP,60
2026-03-29 20:16:37,OUTGOING,192.168.56.103,53240,192.168.56.1,0,TCP,60
2026-03-29 20:16:37,OUTGOING,192.168.56.103,53241,192.168.56.1,0,TCP,60
2026-03-29 20:16:37,OUTGOING,192.168.56.103,53242,192.168.56.1,0,TCP,60
2026-03-29 20:16:37,OUTGOING,192.168.56.103,53243,192.168.56.1,0,TCP,60
2026-03-29 20:16:37,OUTGOING,192.168.56.103,53244,192.168.56.1,0,TCP,60
2026-03-29 20:16:37,OUTGOING,192.168.56.103,53245,192.168.56.1,0,TCP,60
2026-03-29 20:16:37,OUTGOING,192.168.56.103,53246,192.168.56.1,0,TCP,60
2026-03-29 20:16:37,OUTGOING,192.168.56.103,53247,192.168.56.1,0,TCP,60
2026-03-29 20:16:37,OUTGOING,192.168.56.103,53248,192.168.56.1,0,TCP,60
2026-03-29 20:16:37,OUTGOING,192.168.56.103,53249,192.168.56.1,0,TCP,60
2026-03-29 20:16:37,OUTGOING,192.168.56.103,53250,192.168.56.1,0,TCP,60
2026-03-29 20:16:37,OUTGOING,192.168.56.103,53251,192.168.56.1,0,TCP,60
2026-03-29 20:16:37,OUTGOING,192.168.56.103,53252,192.168.56.1,0,TCP,60
2026-03-29 20:16:37,OUTGOING,192.168.56.103,53253,192.168.56.1,0,TCP,60
2026-03-29 20:16:37,OUTGOING,192.168.56.103,53254,192.168.56.1,0,TCP,60
2026-03-29 20:16:37,OUTGOING,192.168.56.103,53255,192.168.56.1,0,TCP,60
2026-03-29 20:16:37,OUTGOING,192.168.56.103,53256,192.168.56.1,0,TCP,60
2026-03-29 20:16:37,OUTGOING,192.168.56.103,53257,192.168.56.1,0,TCP,60
2026-03-29 20:16:37,OUTGOING,192.168.56.103,53258,192.168.56.1,0,TCP,60
2026-03-29 20:16:37,OUTGOING,192.168.56.103,53259,192.168.56.1,0,TCP,60
2026-03-29 20:16:37,OUTGOING,192.168.56.103,53260,192.168.56.1,0,TCP,60
2026-03-29 20:16:37,OUTGOING,192.168.56.103,53261,192.168.56.1,0,TCP,60
2026-03-29 20:16:37,OUTGOING,192.168.56.103,53262,192.168.56.1,0,TCP,60
2026-03-29 20:16:37,OUTGOING,192.168.56.103,53263,192.168.56.1,0,TCP,60
2026-03-29 20:16:37,OUTGOING,192.168.56.103,53264,192.168.56.1,0,TCP,60
2026-03-29 20:16:37,OUTGOING,192.168.56.103,53265,192.168.56.1,0,TCP,60
2026-03-29 20:16:37,OUTGOING,192.168.56.103,53266,192.168.56.1,0,TCP,60
2026-03-29 20:16:37,OUTGOING,192.168.56.103,53267,192.168.56.1,0,TCP,60
2026-03-29 20:16:37,OUTGOING,192.168.56.103,53268,192.168.56.1,0,TCP,60
2026-03-29 20:16:37,OUTGOING,192.168.56.103,53269,192.168.56.1,0,TCP,60
2026-03-29 20:16:37,OUTGOING,192.168.56.103,53270,192.168.56.1,0,TCP,60
2026-03-29 20:16:37,OUTGOING,192.168.56.103,53271,192.168.56.1,0,TCP,60
2026-03-29 20:16:37,OUTGOING,192.168.56.103,53272,192.168.56.1,0,TCP,60
2026-03-29 20:16:37,OUTGOING,192.168.56.103,53273,192.168.56.1,0,TCP,60
2026-03-29 20:16:37,OUTGOING,192.168.56.103,53274,192.168.56.1,0,TCP,60
2026-03-29 20:16:37,OUTGOING,192.168.56.103,53275,192.168.56.1,0,TCP,60
2026-03-29 20:16:37,OUTGOING,192.168.56.103,53276,192.168.56.1,0,TCP,60
2026-03-29 20:16:37,OUTGOING,192.168.56.103,53277,192.168.56.1,0,TCP,60
2026-03-29 20:16:37,OUTGOING,192.168.56.103,53278,192.168.56.1,0,TCP,60
2026-03-29 20:16:37,OUTGOING,192.168.56.103,53279,192.168.56.1,0,TCP,60
2026-03-29 20:16:37,OUTGOING,192.168.56.103,53280,192.168.56.1,0,TCP,60
2026-03-29 20:16:37,OUTGOING,192.168.56.103,53281,192.168.56.1,0,TCP,60
2026-03-29 20:16:37,OUTGOING,192.168.56.103,53282,192.168.56.1,0,TCP,60
2026-03-29 20:16:37,OUTGOING,192.168.56.103,53283,192.168.56.1,0,TCP,60
2026-03-29 20:16:37,OUTGOING,192.168.56.103,53284,192.168.56.1,0,TCP,60
2026-03-29 20:16:37,OUTGOING,192.168.56.103,53285,192.168.56.1,0,TCP,60
2026-03-29 20:16:37,OUTGOING,192.168.56.103,53286,192.168.56.1,0,TCP,60
2026-03-29 20:16:37,OUTGOING,192.168.56.103,53287,192.168.56.1,0,TCP,60
2026-03-29 20:16:37,OUTGOING,192.168.56.103,53288,192.168.56.1,0,TCP,60
2026-03-29 20:16:37,OUTGOING,192.168.56.103,53289,192.168.56.1,0,TCP,60
2026-03-29 20:16:37,OUTGOING,192.168.56.103,53290,192.168.56.1,0,TCP,60
2026-03-29 20:16:37,OUTGOING,192.168.56.103,53291,192.168.56.1,0,TCP,60
2026-03-29 20:16:37,OUTGOING,192.168.56.103,53292,192.168.56.1,0,TCP,60
2026-03-29 20:16:37,OUTGOING,192.168.56.103,53293,192.168.56.1,0,TCP,60
2026-03-29 20:16:37,OUTGOING,192.168.56.103,53294,192.168.56.1,0,TCP,60
2026-03-29 20:16:37,OUTGOING,192.168.56.103,53295,192.168.56.1,0,TCP,60
2026-03-29 20:16:37,OUTGOING,192.168.56.103,53296,192.168.56.1,0,TCP,60
2026-03-29 20:16:37,OUTGOING,192.168.56.103,53297,192.168.56.1,0,TCP,60
2026-03-29 20:16:37,OUTGOING,192.168.56.103,53298,192.168.56.1,0,TCP,60
2026-03-29 20:16:37,OUTGOING,192.168.56.103,53299,192.168.56.1,0,TCP,60
2026-03-29 20:16:37,OUTGOING,192.168.56.103,53300,192.168.56.1,0,TCP,60
2026-03-29 20:16:37,OUTGOING,192.168.56.103,53301,192.168.56.1,0,TCP,60
2026-03-29 20:16:37,OUTGOING,192.168.56.103,53302,192.168.56.1,0,TCP,60
2026-03-29 20:16:37,OUTGOING,192.168.56.103,53303,192.168.56.1,0,TCP,60
2026-03-29 20:16:37,OUTGOING,192.168.56.103,53304,192.168.56.1,0,TCP,60
2026-03-29 20:16:37,OUTGOING,192.168.56.103,53305,192.168.56.1,0,TCP,60
2026-03-29 20:16:37,OUTGOING,192.168.56.103,53306,192.168.56.1,0,TCP,60
2026-03-29 20:16:37,OUTGOING,192.168.56.103,53307,192.168.56.1,0,TCP,60
2026-03-29 20:16:37,OUTGOING,192.168.56.103,53308,192.168.56.1,0,TCP,60
2026-03-29 20:16:37,OUTGOING,192.168.56.103,53309,192.168.56.1,0,TCP,60
2026-03-29 20:16:37,OUTGOING,192.168.56.103,53310,192.168.56.1,0,TCP,60
2026-03-29 20:16:37,OUTGOING,192.168.56.103,53311,192.168.56.1,0,TCP,60
2026-03-29 20:16:37,OUTGOING,192.168.56.103,53312,192.168.56.1,0,TCP,60
2026-03-29 20:16:37,OUTGOING,192.168.56.103,53313,192.168.56.1,0,TCP,60
2026-03-29 20:16:37,OUTGOING,192.168.56.103,53314,192.168.56.1,0,TCP,60
2026-03-29 20:16:37,OUTGOING,192.168.56.103,53315,192.168.56.1,0,TCP,60
2026-03-29 20:16:37,OUTGOING,192.168.56.103,53316,192.168.56.1,0,TCP,60
2026-03-29 20:16:37,OUTGOING,192.168.56.103,53317,192.168.56.1,0,TCP,60
2026-03-29 20:16:37,OUTGOING,192.168.56.103,53318,192.168.56.1,0,TCP,60
2026-03-29 20:16:37,OUTGOING,192.168.56.103,53319,192.168.56.1,0,TCP,60
2026-03-29 20:16:37,OUTGOING,192.168.56.103,53320,192.168.56.1,0,TCP,60
2026-03-29 20:16:37,OUTGOING,192.168.56.103,53321,192.168.56.1,0,TCP,60
2026-03-29 20:16:37,OUTGOING,192.168.56.103,53322,192.168.56.1,0,TCP,60
2026-03-29 20:16:37,OUTGOING,192.168.56.103,53323,192.168.56.1,0,TCP,60
2026-03-29 20:16:37,OUTGOING,192.168.56.103,53324,192.168.56.1,0,TCP,60
2026-03-29 20:16:37,OUTGOING,192.168.56.103,53325,192.168.56.1,0,TCP,60
2026-03-29 20:16:37,OUTGOING,192.168.56.103,53326,192.168.56.1,0,TCP,60
2026-03-29 20:16:37,OUTGOING,192.168.56.103,53327,192.168.56.1,0,TCP,60
2026-03-29 20:16:37,OUTGOING,192.168.56.103,53328,192.168.56.1,0,TCP,60
2026-03-29 20:16:37,OUTGOING,192.168.56.103,53329,192.168.56.1,0,TCP,60
2026-03-29 20:16:37,OUTGOING,192.168.56.103,53330,192.168.56.1,0,TCP,60
2026-03-29 20:16:37,OUTGOING,192.168.56.103,53331,192.168.56.1,0,TCP,60
2026-03-29 20:16:37,OUTGOING,192.168.56.103,53332,192.168.56.1,0,TCP,60
2026-03-29 20:16:37,OUTGOING,192.168.56.103,53333,192.168.56.1,0,TCP,60
2026-03-29 20:16:37,OUTGOING,192.168.56.103,53334,192.168.56.1,0,TCP,60
2026-03-29 20:16:37,OUTGOING,192.168.56.103,53335,192.168.56.1,0,TCP,60
2026-03-29 20:16:37,OUTGOING,192.168.56.103,53336,192.168.56.1,0,TCP,60
2026-03-29 20:16:37,OUTGOING,192.168.56.103,53337,192.168.56.1,0,TCP,60
2026-03-29 20:16:37,OUTGOING,192.168.56.103,53338,192.168.56.1,0,TCP,60
2026-03-29 20:16:37,OUTGOING,192.168.56.103,53339,192.168.56.1,0,TCP,60
2026-03-29 20:16:37,OUTGOING,192.168.56.103,53340,192.168.56.1,0,TCP,60
2026-03-29 20:16:37,OUTGOING,192.168.56.103,53341,192.168.56.1,0,TCP,60
2026-03-29 20:16:37,OUTGOING,192.168.56.103,53342,192.168.56.1,0,TCP,60
2026-03-29 20:16:37,OUTGOING,192.168.56.103,53343,192.168.56.1,0,TCP,60
2026-03-29 20:16:37,OUTGOING,192.168.56.103,53344,192.168.56.1,0,TCP,60
2026-03-29 20:16:37,OUTGOING,192.168.56.103,53345,192.168.56.1,0,TCP,60
2026-03-29 20:16:37,OUTGOING,192.168.56.103,53346,192.168.56.1,0,TCP,60
2026-03-29 20:16:37,OUTGOING,192.168.56.103,53347,192.168.56.1,0,TCP,60
2026-03-29 20:16:37,OUTGOING,192.168.56.103,53348,192.168.56.1,0,TCP,60
2026-03-29 20:16:37,OUTGOING,192.168.56.103,53349,192.168.56.1,0,TCP,60
2026-03-29 20:16:37,OUTGOING,192.168.56.103,53350,192.168.56.1,0,TCP,60
2026-03-29 20:16:37,OUTGOING,192.168.56.103,53351,192.168.56.1,0,TCP,60
2026-03-29 20:16:37,OUTGOING,192.168.56.103,53352,192.168.56.1,0,TCP,60
2026-03-29 20:16:37,OUTGOING,192.168.56.103,53353,192.168.56.1,0,TCP,60
2026-03-29 20:16:37,OUTGOING,192.168.56.103,53354,192.168.56.1,0,TCP,60
2026-03-29 20:16:37,OUTGOING,192.168.56.103,53355,192.168.56.1,0,TCP,60
2026-03-29 20:16:37,OUTGOING,192.168.56.103,53356,192.168.56.1,0,TCP,60
2026-03-29 20:16:37,OUTGOING,192.168.56.103,53357,192.168.56.1,0,TCP,60
2026-03-29 20:16:37,OUTGOING,192.168.56.103,53358,192.168.56.1,0,TCP,60
2026-03-29 20:16:37,OUTGOING,192.168.56.103,53359,192.168.56.1,0,TCP,60
2026-03-29 20:16:37,OUTGOING,192.168.56.103,53360,192.168.56.1,0,TCP,60
2026-03-29 20:16:37,OUTGOING,192.168.56.103,53361,192.168.56.1,0,TCP,60
2026-03-29 20:16:37,OUTGOING,192.168.56.103,53362,192.168.56.1,0,TCP,60
2026-03-29 20:16:37,OUTGOING,192.168.56.103,53363,192.168.56.1,0,TCP,60
2026-03-29 20:16:37,OUTGOING,192.168.56.103,53364,192.168.56.1,0,TCP,60
2026-03-29 20:16:37,OUTGOING,192.168.56.103,53365,192.168.56.1,0,TCP,60
2026-03-29 20:16:37,OUTGOING,192.168.56.103,53366,192.168.56.1,0,TCP,60
2026-03-29 20:16:37,OUTGOING,192.168.56.103,53367,192.168.56.1,0,TCP,60
2026-03-29 20:16:37,OUTGOING,192.168.56.103,53368,192.168.56.1,0,TCP,60
2026-03-29 20:16:37,OUTGOING,192.168.56.103,53369,192.168.56.1,0,TCP,60
2026-03-29 20:16:37,OUTGOING,192.168.56.103,53370,192.168.56.1,0,TCP,60
2026-03-29 20:16:37,OUTGOING,192.168.56.103,53371,192.168.56.1,0,TCP,60
2026-03-29 20:16:37,OUTGOING,192.168.56.103,53372,192.168.56.1,0,TCP,60
2026-03-29 20:16:37,OUTGOING,192.168.56.103,53373,192.168.56.1,0,TCP,60
2026-03-29 20:16:37,OUTGOING,192.168.56.103,53374,192.168.56.1,0,TCP,60
2026-03-29 20:16:37,OUTGOING,192.168.56.103,53375,192.168.56.1,0,TCP,60
2026-03-29 20:16:37,OUTGOING,192.168.56.103,53376,192.168.56.1,0,TCP,60
2026-03-29 20:16:37,OUTGOING,192.168.56.103,53377,192.168.56.1,0,TCP,60
2026-03-29 20:16:37,OUTGOING,192.168.56.103,53378,192.168.56.1,0,TCP,60
2026-03-29 20:16:37,OUTGOING,192.168.56.103,53379,192.168.56.1,0,TCP,60
2026-03-29 20:16:37,OUTGOING,192.168.56.103,53380,192.168.56.1,0,TCP,60
2026-03-29 20:16:37,OUTGOING,192.168.56.103,53381,192.168.56.1,0,TCP,60
2026-03-29 20:16:37,OUTGOING,192.168.56.103,53382,192.168.56.1,0,TCP,60
2026-03-29 20:16:37,OUTGOING,192.168.56.103,53383,192.168.56.1,0,TCP,60
2026-03-29 20:16:37,OUTGOING,192.168.56.103,53384,192.168.56.1,0,TCP,60
2026-03-29 20:16:37,OUTGOING,192.168.56.103,53385,192.168.56.1,0,TCP,60
2026-03-29 20:16:37,OUTGOING,192.168.56.103,53386,192.168.56.1,0,TCP,60
2026-03-29 20:16:37,OUTGOING,192.168.56.103,53387,192.168.56.1,0,TCP,60
2026-03-29 20:16:37,OUTGOING,192.168.56.103,53388,192.168.56.1,0,TCP,60
2026-03-29 20:16:37,OUTGOING,192.168.56.103,53389,192.168.56.1,0,TCP,60
2026-03-29 20:16:37,OUTGOING,192.168.56.103,53390,192.168.56.1,0,TCP,60
2026-03-29 20:16:37,OUTGOING,192.168.56.103,53391,192.168.56.1,0,TCP,60
2026-03-29 20:16:37,OUTGOING,192.168.56.103,53392,192.168.56.1,0,TCP,60
2026-03-29 20:16:37,OUTGOING,192.168.56.103,53393,192.168.56.1,0,TCP,60
2026-03-29 20:16:37,OUTGOING,192.168.56.103,53394,192.168.56.1,0,TCP,60
2026-03-29 20:16:37,OUTGOING,192.168.56.103,53395,192.168.56.1,0,TCP,60
2026-03-29 20:16:37,OUTGOING,192.168.56.103,53396,192.168.56.1,0,TCP,60
2026-03-29 20:16:37,OUTGOING,192.168.56.103,53397,192.168.56.1,0,TCP,60
2026-03-29 20:16:37,OUTGOING,192.168.56.103,53398,192.168.56.1,0,TCP,60
2026-03-29 20:16:37,OUTGOING,192.168.56.103,53399,192.168.56.1,0,TCP,60
2026-03-29 20:16:37,OUTGOING,192.168.56.103,53400,192.168.56.1,0,TCP,60
2026-03-29 20:16:37,OUTGOING,192.168.56.103,53401,192.168.56.1,0,TCP,60
2026-03-29 20:16:37,OUTGOING,192.168.56.103,53402,192.168.56.1,0,TCP,60
2026-03-29 20:16:37,OUTGOING,192.168.56.103,53403,192.168.56.1,0,TCP,60
2026-03-29 20:16:37,OUTGOING,192.168.56.103,53404,192.168.56.1,0,TCP,60
2026-03-29 20:16:37,OUTGOING,192.168.56.103,53405,192.168.56.1,0,TCP,60
2026-03-29 20:16:37,OUTGOING,192.168.56.103,53406,192.168.56.1,0,TCP,60
2026-03-29 20:16:37,OUTGOING,192.168.56.103,53407,192.168.56.1,0,TCP,60
2026-03-29 20:16:37,OUTGOING,192.168.56.103,53408,192.168.56.1,0,TCP,60
2026-03-29 20:16:37,OUTGOING,192.168.56.103,53409,192.168.56.1,0,TCP,60
2026-03-29 20:16:37,OUTGOING,192.168.56.103,53410,192.168.56.1,0,TCP,60
2026-03-29 20:16:37,OUTGOING,192.168.56.103,53411,192.168.56.1,0,TCP,60
2026-03-29 20:16:37,OUTGOING,192.168.56.103,53412,192.168.56.1,0,TCP,60
2026-03-29 20:16:37,OUTGOING,192.168.56.103,53413,192.168.56.1,0,TCP,60
2026-03-29 20:16:37,OUTGOING,192.168.56.103,53414,192.168.56.1,0,TCP,60
2026-03-29 20:16:37,OUTGOING,192.168.56.103,53415,192.168.56.1,0,TCP,60
2026-03-29 20:16:37,OUTGOING,192.168.56.103,53416,192.168.56.1,0,TCP,60
2026-03-29 20:16:37,OUTGOING,192.168.56.103,53417,192.168.56.1,0,TCP,60
2026-03-29 20:16:37,OUTGOING,192.168.56.103,53418,192.168.56.1,0,TCP,60
2026-03-29 20:16:37,OUTGOING,192.168.56.103,53419,192.168.56.1,0,TCP,60
2026-03-29 20:16:37,OUTGOING,192.168.56.103,53420,192.168.56.1,0,TCP,60
2026-03-29 20:16:37,OUTGOING,192.168.56.103,53421,192.168.56.1,0,TCP,60
2026-03-29 20:16:37,OUTGOING,192.168.56.103,53422,192.168.56.1,0,TCP,60
2026-03-29 20:16:37,OUTGOING,192.168.56.103,53423,192.168.56.1,0,TCP,60
2026-03-29 20:16:37,OUTGOING,192.168.56.103,53424,192.168.56.1,0,TCP,60
2026-03-29 20:16:37,OUTGOING,192.168.56.103,53425,192.168.56.1,0,TCP,60
2026-03-29 20:16:37,OUTGOING,192.168.56.103,53426,192.168.56.1,0,TCP,60
2026-03-29 20:16:37,OUTGOING,192.168.56.103,53427,192.168.56.1,0,TCP,60
2026-03-29 20:16:37,OUTGOING,192.168.56.103,53428,192.168.56.1,0,TCP,60
2026-03-29 20:16:37,OUTGOING,192.168.56.103,53429,192.168.56.1,0,TCP,60
2026-03-29 20:16:37,OUTGOING,192.168.56.103,53430,192.168.56.1,0,TCP,60
2026-03-29 20:16:37,OUTGOING,192.168.56.103,53431,192.168.56.1,0,TCP,60
2026-03-29 20:16:37,OUTGOING,192.168.56.103,53432,192.168.56.1,0,TCP,60
2026-03-29 20:16:37,OUTGOING,192.168.56.103,53433,192.168.56.1,0,TCP,60
2026-03-29 20:16:37,OUTGOING,192.168.56.103,53434,192.168.56.1,0,TCP,60
2026-03-29 20:16:37,OUTGOING,192.168.56.103,53435,192.168.56.1,0,TCP,60
2026-03-29 20:16:37,OUTGOING,192.168.56.103,53436,192.168.56.1,0,TCP,60
2026-03-29 20:16:37,OUTGOING,192.168.56.103,53437,192.168.56.1,0,TCP,60
2026-03-29 20:16:37,OUTGOING,192.168.56.103,53438,192.168.56.1,0,TCP,60
2026-03-29 20:16:37,OUTGOING,192.168.56.103,53439,192.168.56.1,0,TCP,60
2026-03-29 20:16:37,OUTGOING,192.168.56.103,53440,192.168.56.1,0,TCP,60
2026-03-29 20:16:37,OUTGOING,192.168.56.103,53441,192.168.56.1,0,TCP,60
2026-03-29 20:16:37,OUTGOING,192.168.56.103,53442,192.168.56.1,0,TCP,60
2026-03-29 20:16:37,OUTGOING,192.168.56.103,53443,192.168.56.1,0,TCP,60
2026-03-29 20:16:37,OUTGOING,192.168.56.103,53444,192.168.56.1,0,TCP,60
2026-03-29 20:16:37,OUTGOING,192.168.56.103,53445,192.168.56.1,0,TCP,60
2026-03-29 20:16:37,OUTGOING,192.168.56.103,53446,192.168.56.1,0,TCP,60
2026-03-29 20:16:37,OUTGOING,192.168.56.103,53447,192.168.56.1,0,TCP,60
2026-03-29 20:16:37,OUTGOING,192.168.56.103,53448,192.168.56.1,0,TCP,60
2026-03-29 20:16:37,OUTGOING,192.168.56.103,53449,192.168.56.1,0,TCP,60
2026-03-29 20:16:37,OUTGOING,192.168.56.103,53450,192.168.56.1,0,TCP,60
2026-03-29 20:16:37,OUTGOING,192.168.56.103,53451,192.168.56.1,0,TCP,60
2026-03-29 20:16:37,OUTGOING,192.168.56.103,53452,192.168.56.1,0,TCP,60
2026-03-29 20:16:37,OUTGOING,192.168.56.103,53453,192.168.56.1,0,TCP,60
2026-03-29 20:16:37,OUTGOING,192.168.56.103,53454,192.168.56.1,0,TCP,60
2026-03-29 20:16:37,OUTGOING,192.168.56.103,53455,192.168.56.1,0,TCP,60
2026-03-29 20:16:37,OUTGOING,192.168.56.103,53456,192.168.56.1,0,TCP,60
2026-03-29 20:16:37,OUTGOING,192.168.56.103,53457,192.168.56.1,0,TCP,60
2026-03-29 20:16:37,OUTGOING,192.168.56.103,53458,192.168.56.1,0,TCP,60
2026-03-29 20:16:37,OUTGOING,192.168.56.103,53459,192.168.56.1,0,TCP,60
2026-03-29 20:16:37,OUTGOING,192.168.56.103,53460,192.168.56.1,0,TCP,60
2026-03-29 20:16:37,OUTGOING,192.168.56.103,53461,192.168.56.1,0,TCP,60
2026-03-29 20:16:37,OUTGOING,192.168.56.103,53462,192.168.56.1,0,TCP,60
2026-03-29 20:16:37,OUTGOING,192.168.56.103,53463,192.168.56.1,0,TCP,60
2026-03-29 20:16:37,OUTGOING,192.168.56.103,53464,192.168.56.1,0,TCP,60
2026-03-29 20:16:37,OUTGOING,192.168.56.103,53465,192.168.56.1,0,TCP,60
2026-03-29 20:16:37,OUTGOING,192.168.56.103,53466,192.168.56.1,0,TCP,60
2026-03-29 20:16:37,OUTGOING,192.168.56.103,53467,192.168.56.1,0,TCP,60
2026-03-29 20:16:37,OUTGOING,192.168.56.103,53468,192.168.56.1,0,TCP,60
2026-03-29 20:16:37,OUTGOING,192.168.56.103,53469,192.168.56.1,0,TCP,60
2026-03-29 20:16:37,OUTGOING,192.168.56.103,53470,192.168.56.1,0,TCP,60
2026-03-29 20:16:37,OUTGOING,192.168.56.103,53471,192.168.56.1,0,TCP,60
2026-03-29 20:16:37,OUTGOING,192.168.56.103,53472,192.168.56.1,0,TCP,60
2026-03-29 20:16:37,OUTGOING,192.168.56.103,53473,192.168.56.1,0,TCP,60
2026-03-29 20:16:37,OUTGOING,192.168.56.103,53474,192.168.56.1,0,TCP,60
2026-03-29 20:16:37,OUTGOING,192.168.56.103,53475,192.168.56.1,0,TCP,60
2026-03-29 20:16:37,OUTGOING,192.168.56.103,53476,192.168.56.1,0,TCP,60
2026-03-29 20:16:37,OUTGOING,192.168.56.103,53477,192.168.56.1,0,TCP,60
2026-03-29 20:16:37,OUTGOING,192.168.56.103,53478,192.168.56.1,0,TCP,60
2026-03-29 20:16:37,OUTGOING,192.168.56.103,53479,192.168.56.1,0,TCP,60
2026-03-29 20:16:37,OUTGOING,192.168.56.103,53480,192.168.56.1,0,TCP,60
2026-03-29 20:16:37,OUTGOING,192.168.56.103,53481,192.168.56.1,0,TCP,60
2026-03-29 20:16:37,OUTGOING,192.168.56.103,53482,192.168.56.1,0,TCP,60
2026-03-29 20:16:37,OUTGOING,192.168.56.103,53483,192.168.56.1,0,TCP,60
2026-03-29 20:16:37,OUTGOING,192.168.56.103,53484,192.168.56.1,0,TCP,60
2026-03-29 20:16:37,OUTGOING,192.168.56.103,53485,192.168.56.1,0,TCP,60
2026-03-29 20:16:37,OUTGOING,192.168.56.103,53486,192.168.56.1,0,TCP,60
2026-03-29 20:16:37,OUTGOING,192.168.56.103,53487,192.168.56.1,0,TCP,60
2026-03-29 20:16:37,OUTGOING,192.168.56.103,53488,192.168.56.1,0,TCP,60
2026-03-29 20:16:37,OUTGOING,192.168.56.103,53489,192.168.56.1,0,TCP,60
2026-03-29 20:16:37,OUTGOING,192.168.56.103,53490,192.168.56.1,0,TCP,60
2026-03-29 20:16:37,OUTGOING,192.168.56.103,53491,192.168.56.1,0,TCP,60
2026-03-29 20:16:37,OUTGOING,192.168.56.103,53492,192.168.56.1,0,TCP,60
2026-03-29 20:16:37,OUTGOING,192.168.56.103,53493,192.168.56.1,0,TCP,60
2026-03-29 20:16:37,OUTGOING,192.168.56.103,53494,192.168.56.1,0,TCP,60
2026-03-29 20:16:37,OUTGOING,192.168.56.103,53495,192.168.56.1,0,TCP,60
2026-03-29 20:16:37,OUTGOING,192.168.56.103,53496,192.168.56.1,0,TCP,60
2026-03-29 20:16:37,OUTGOING,192.168.56.103,53497,192.168.56.1,0,TCP,60
2026-03-29 20:16:37,OUTGOING,192.168.56.103,53498,192.168.56.1,0,TCP,60
2026-03-29 20:16:37,OUTGOING,192.168.56.103,53499,192.168.56.1,0,TCP,60
2026-03-29 20:16:37,OUTGOING,192.168.56.103,53500,192.168.56.1,0,TCP,60
2026-03-29 20:16:37,OUTGOING,192.168.56.103,53501,192.168.56.1,0,TCP,60
2026-03-29 20:16:37,OUTGOING,192.168.56.103,53502,192.168.56.1,0,TCP,60
2026-03-29 20:16:37,OUTGOING,192.168.56.103,53503,192.168.56.1,0,TCP,60
2026-03-29 20:16:37,OUTGOING,192.168.56.103,53504,192.168.56.1,0,TCP,60
2026-03-29 20:16:37,OUTGOING,192.168.56.103,53505,192.168.56.1,0,TCP,60
2026-03-29 20:16:37,OUTGOING,192.168.56.103,53506,192.168.56.1,0,TCP,60
2026-03-29 20:16:37,OUTGOING,192.168.56.103,53507,192.168.56.1,0,TCP,60
2026-03-29 20:16:37,OUTGOING,192.168.56.103,53508,192.168.56.1,0,TCP,60
2026-03-29 20:16:37,OUTGOING,192.168.56.103,53509,192.168.56.1,0,TCP,60
2026-03-29 20:16:37,OUTGOING,192.168.56.103,53510,192.168.56.1,0,TCP,60
2026-03-29 20:16:37,OUTGOING,192.168.56.103,53511,192.168.56.1,0,TCP,60
2026-03-29 20:16:37,OUTGOING,192.168.56.103,53512,192.168.56.1,0,TCP,60
2026-03-29 20:16:37,OUTGOING,192.168.56.103,53513,192.168.56.1,0,TCP,60
2026-03-29 20:16:37,OUTGOING,192.168.56.103,53514,192.168.56.1,0,TCP,60
2026-03-29 20:16:37,OUTGOING,192.168.56.103,53515,192.168.56.1,0,TCP,60
2026-03-29 20:16:37,OUTGOING,192.168.56.103,53516,192.168.56.1,0,TCP,60
2026-03-29 20:16:37,OUTGOING,192.168.56.103,53517,192.168.56.1,0,TCP,60
2026-03-29 20:16:37,OUTGOING,192.168.56.103,53518,192.168.56.1,0,TCP,60
2026-03-29 20:16:37,OUTGOING,192.168.56.103,53519,192.168.56.1,0,TCP,60
2026-03-29 20:16:37,OUTGOING,192.168.56.103,53520,192.168.56.1,0,TCP,60
2026-03-29 20:16:37,OUTGOING,192.168.56.103,53521,192.168.56.1,0,TCP,60
2026-03-29 20:16:37,OUTGOING,192.168.56.103,53522,192.168.56.1,0,TCP,60
2026-03-29 20:16:37,OUTGOING,192.168.56.103,53523,192.168.56.1,0,TCP,60
2026-03-29 20:16:37,OUTGOING,192.168.56.103,53524,192.168.56.1,0,TCP,60
2026-03-29 20:16:37,OUTGOING,192.168.56.103,53525,192.168.56.1,0,TCP,60
2026-03-29 20:16:37,OUTGOING,192.168.56.103,53526,192.168.56.1,0,TCP,60
2026-03-29 20:16:37,OUTGOING,192.168.56.103,53527,192.168.56.1,0,TCP,60
2026-03-29 20:16:37,OUTGOING,192.168.56.103,53528,192.168.56.1,0,TCP,60
2026-03-29 20:16:37,OUTGOING,192.168.56.103,53529,192.168.56.1,0,TCP,60
2026-03-29 20:16:37,OUTGOING,192.168.56.103,53530,192.168.56.1,0,TCP,60
2026-03-29 20:16:37,OUTGOING,192.168.56.103,53531,192.168.56.1,0,TCP,60
2026-03-29 20:16:37,OUTGOING,192.168.56.103,53532,192.168.56.1,0,TCP,60
2026-03-29 20:16:37,OUTGOING,192.168.56.103,53533,192.168.56.1,0,TCP,60
2026-03-29 20:16:37,OUTGOING,192.168.56.103,53534,192.168.56.1,0,TCP,60
2026-03-29 20:16:37,OUTGOING,192.168.56.103,53535,192.168.56.1,0,TCP,60
2026-03-29 20:16:37,OUTGOING,192.168.56.103,53536,192.168.56.1,0,TCP,60
2026-03-29 20:16:37,OUTGOING,192.168.56.103,53537,192.168.56.1,0,TCP,60
2026-03-29 20:16:37,OUTGOING,192.168.56.103,53538,192.168.56.1,0,TCP,60
2026-03-29 20:16:37,OUTGOING,192.168.56.103,53539,192.168.56.1,0,TCP,60
2026-03-29 20:16:37,OUTGOING,192.168.56.103,53540,192.168.56.1,0,TCP,60
2026-03-29 20:16:37,OUTGOING,192.168.56.103,53541,192.168.56.1,0,TCP,60
2026-03-29 20:16:37,OUTGOING,192.168.56.103,53542,192.168.56.1,0,TCP,60
2026-03-29 20:16:37,OUTGOING,192.168.56.103,53543,192.168.56.1,0,TCP,60
2026-03-29 20:16:37,OUTGOING,192.168.56.103,53544,192.168.56.1,0,TCP,60
2026-03-29 20:16:37,OUTGOING,192.168.56.103,53545,192.168.56.1,0,TCP,60
2026-03-29 20:16:37,OUTGOING,192.168.56.103,53546,192.168.56.1,0,TCP,60
2026-03-29 20:16:37,OUTGOING,192.168.56.103,53547,192.168.56.1,0,TCP,60
2026-03-29 20:16:37,OUTGOING,192.168.56.103,53548,192.168.56.1,0,TCP,60
2026-03-29 20:16:37,OUTGOING,192.168.56.103,53549,192.168.56.1,0,TCP,60
2026-03-29 20:16:37,OUTGOING,192.168.56.103,53550,192.168.56.1,0,TCP,60
2026-03-29 20:16:37,OUTGOING,192.168.56.103,53551,192.168.56.1,0,TCP,60
2026-03-29 20:16:37,OUTGOING,192.168.56.103,53552,192.168.56.1,0,TCP,60
2026-03-29 20:16:37,OUTGOING,192.168.56.103,53553,192.168.56.1,0,TCP,60
2026-03-29 20:16:37,OUTGOING,192.168.56.103,53554,192.168.56.1,0,TCP,60
2026-03-29 20:16:37,OUTGOING,192.168.56.103,53555,192.168.56.1,0,TCP,60
2026-03-29 20:16:37,OUTGOING,192.168.56.103,53556,192.168.56.1,0,TCP,60
2026-03-29 20:16:37,OUTGOING,192.168.56.103,53557,192.168.56.1,0,TCP,60
2026-03-29 20:16:37,OUTGOING,192.168.56.103,53558,192.168.56.1,0,TCP,60
2026-03-29 20:16:37,OUTGOING,192.168.56.103,53559,192.168.56.1,0,TCP,60
2026-03-29 20:16:37,OUTGOING,192.168.56.103,53560,192.168.56.1,0,TCP,60
2026-03-29 20:16:37,OUTGOING,192.168.56.103,53561,192.168.56.1,0,TCP,60
2026-03-29 20:16:37,OUTGOING,192.168.56.103,53562,192.168.56.1,0,TCP,60
2026-03-29 20:16:37,OUTGOING,192.168.56.103,53563,192.168.56.1,0,TCP,60
2026-03-29 20:16:37,OUTGOING,192.168.56.103,53564,192.168.56.1,0,TCP,60
2026-03-29 20:16:37,OUTGOING,192.168.56.103,53565,192.168.56.1,0,TCP,60
2026-03-29 20:16:37,OUTGOING,192.168.56.103,53566,192.168.56.1,0,TCP,60
2026-03-29 20:16:37,OUTGOING,192.168.56.103,53567,192.168.56.1,0,TCP,60
2026-03-29 20:16:37,OUTGOING,192.168.56.103,53568,192.168.56.1,0,TCP,60
2026-03-29 20:16:37,OUTGOING,192.168.56.103,53569,192.168.56.1,0,TCP,60
2026-03-29 20:16:37,OUTGOING,192.168.56.103,53570,192.168.56.1,0,TCP,60
2026-03-29 20:16:37,OUTGOING,192.168.56.103,53571,192.168.56.1,0,TCP,60
2026-03-29 20:16:37,OUTGOING,192.168.56.103,53572,192.168.56.1,0,TCP,60
2026-03-29 20:16:37,OUTGOING,192.168.56.103,53573,192.168.56.1,0,TCP,60
2026-03-29 20:16:37,OUTGOING,192.168.56.103,53574,192.168.56.1,0,TCP,60
2026-03-29 20:16:37,OUTGOING,192.168.56.103,53575,192.168.56.1,0,TCP,60
2026-03-29 20:16:37,OUTGOING,192.168.56.103,53576,192.168.56.1,0,TCP,60
2026-03-29 20:16:37,OUTGOING,192.168.56.103,53577,192.168.56.1,0,TCP,60
2026-03-29 20:16:37,OUTGOING,192.168.56.103,53578,192.168.56.1,0,TCP,60
2026-03-29 20:16:37,OUTGOING,192.168.56.103,53579,192.168.56.1,0,TCP,60
2026-03-29 20:16:37,OUTGOING,192.168.56.103,53580,192.168.56.1,0,TCP,60
2026-03-29 20:16:37,OUTGOING,192.168.56.103,53581,192.168.56.1,0,TCP,60
2026-03-29 20:16:37,OUTGOING,192.168.56.103,53582,192.168.56.1,0,TCP,60
2026-03-29 20:16:37,OUTGOING,192.168.56.103,53583,192.168.56.1,0,TCP,60
2026-03-29 20:16:37,OUTGOING,192.168.56.103,53584,192.168.56.1,0,TCP,60
2026-03-29 20:16:37,OUTGOING,192.168.56.103,53585,192.168.56.1,0,TCP,60
2026-03-29 20:16:37,OUTGOING,192.168.56.103,53586,192.168.56.1,0,TCP,60
2026-03-29 20:16:37,OUTGOING,192.168.56.103,53587,192.168.56.1,0,TCP,60
2026-03-29 20:16:37,OUTGOING,192.168.56.103,53588,192.168.56.1,0,TCP,60
2026-03-29 20:16:37,OUTGOING,192.168.56.103,53589,192.168.56.1,0,TCP,60
2026-03-29 20:16:37,OUTGOING,192.168.56.103,53590,192.168.56.1,0,TCP,60
2026-03-29 20:16:37,OUTGOING,192.168.56.103,53591,192.168.56.1,0,TCP,60
2026-03-29 20:16:37,OUTGOING,192.168.56.103,53592,192.168.56.1,0,TCP,60
2026-03-29 20:16:37,OUTGOING,192.168.56.103,53593,192.168.56.1,0,TCP,60
2026-03-29 20:16:37,OUTGOING,192.168.56.103,53594,192.168.56.1,0,TCP,60
2026-03-29 20:16:37,OUTGOING,192.168.56.103,53595,192.168.56.1,0,TCP,60
2026-03-29 20:16:37,OUTGOING,192.168.56.103,53596,192.168.56.1,0,TCP,60
2026-03-29 20:16:37,OUTGOING,192.168.56.103,53597,192.168.56.1,0,TCP,60
2026-03-29 20:16:37,OUTGOING,192.168.56.103,53598,192.168.56.1,0,TCP,60
2026-03-29 20:16:37,OUTGOING,192.168.56.103,53599,192.168.56.1,0,TCP,60
2026-03-29 20:16:37,OUTGOING,192.168.56.103,53600,192.168.56.1,0,TCP,60
2026-03-29 20:16:37,OUTGOING,192.168.56.103,53601,192.168.56.1,0,TCP,60
2026-03-29 20:16:37,OUTGOING,192.168.56.103,53602,192.168.56.1,0,TCP,60
2026-03-29 20:16:37,OUTGOING,192.168.56.103,53603,192.168.56.1,0,TCP,60
2026-03-29 20:16:37,OUTGOING,192.168.56.103,53604,192.168.56.1,0,TCP,60
2026-03-29 20:16:37,OUTGOING,192.168.56.103,53605,192.168.56.1,0,TCP,60
2026-03-29 20:16:37,OUTGOING,192.168.56.103,53606,192.168.56.1,0,TCP,60
2026-03-29 20:16:37,OUTGOING,192.168.56.103,53607,192.168.56.1,0,TCP,60
2026-03-29 20:16:37,OUTGOING,192.168.56.103,53608,192.168.56.1,0,TCP,60
2026-03-29 20:16:37,OUTGOING,192.168.56.103,53609,192.168.56.1,0,TCP,60
2026-03-29 20:16:37,OUTGOING,192.168.56.103,53610,192.168.56.1,0,TCP,60
2026-03-29 20:16:37,OUTGOING,192.168.56.103,53611,192.168.56.1,0,TCP,60
2026-03-29 20:16:37,OUTGOING,192.168.56.103,53612,192.168.56.1,0,TCP,60
2026-03-29 20:16:37,OUTGOING,192.168.56.103,53613,192.168.56.1,0,TCP,60
2026-03-29 20:16:37,OUTGOING,192.168.56.103,53614,192.168.56.1,0,TCP,60
2026-03-29 20:16:37,OUTGOING,192.168.56.103,53615,192.168.56.1,0,TCP,60
2026-03-29 20:16:37,OUTGOING,192.168.56.103,53616,192.168.56.1,0,TCP,60
2026-03-29 20:16:37,OUTGOING,192.168.56.103,53617,192.168.56.1,0,TCP,60
2026-03-29 20:16:37,OUTGOING,192.168.56.103,53618,192.168.56.1,0,TCP,60
2026-03-29 20:16:37,OUTGOING,192.168.56.103,53619,192.168.56.1,0,TCP,60
2026-03-29 20:16:37,OUTGOING,192.168.56.103,53620,192.168.56.1,0,TCP,60
2026-03-29 20:16:37,OUTGOING,192.168.56.103,53621,192.168.56.1,0,TCP,60
2026-03-29 20:16:37,OUTGOING,192.168.56.103,53622,192.168.56.1,0,TCP,60
2026-03-29 20:16:37,OUTGOING,192.168.56.103,53623,192.168.56.1,0,TCP,60
2026-03-29 20:16:37,OUTGOING,192.168.56.103,53624,192.168.56.1,0,TCP,60
2026-03-29 20:16:37,OUTGOING,192.168.56.103,53625,192.168.56.1,0,TCP,60
2026-03-29 20:16:37,OUTGOING,192.168.56.103,53626,192.168.56.1,0,TCP,60
2026-03-29 20:16:37,OUTGOING,192.168.56.103,53627,192.168.56.1,0,TCP,60
2026-03-29 20:16:37,OUTGOING,192.168.56.103,53628,192.168.56.1,0,TCP,60
2026-03-29 20:16:37,OUTGOING,192.168.56.103,53629,192.168.56.1,0,TCP,60
2026-03-29 20:16:37,OUTGOING,192.168.56.103,53630,192.168.56.1,0,TCP,60
2026-03-29 20:16:37,OUTGOING,192.168.56.103,53631,192.168.56.1,0,TCP,60
2026-03-29 20:16:37,OUTGOING,192.168.56.103,53632,192.168.56.1,0,TCP,60
2026-03-29 20:16:37,OUTGOING,192.168.56.103,53633,192.168.56.1,0,TCP,60
2026-03-29 20:16:37,OUTGOING,192.168.56.103,53634,192.168.56.1,0,TCP,60
